insert into city (city_name)
values ('Warszawa'),
       ('Kraków'),
       ('Łódź'),
       ('Wrocław'),
       ('Poznań'),
       ('Gdańsk'),
       ('Szczecin'),
       ('Bydgoszcz'),
       ('Lublin'),
       ('Białystok'),
       ('Katowice'),
       ('Gdynia'),
       ('Częstochowa'),
       ('Radom'),
       ('Sosnowiec'),
       ('Toruń'),
       ('Kielce'),
       ('Gliwice'),
       ('Zabrze'),
       ('Bytom'),
       ('Olsztyn'),
       ('Rzeszów'),
       ('Bielsko-Biała'),
       ('Ruda Śląska'),
       ('Rybnik'),
       ('Tychy'),
       ('Gorzów Wielkopolski'),
       ('Dąbrowa Górnicza'),
       ('Płock'),
       ('Elbląg'),
       ('Opole'),
       ('Wałbrzych'),
       ('Zielona Góra'),
       ('Tarnów'),
       ('Chorzów'),
       ('Koszalin'),
       ('Legnica'),
       ('Kalisz'),
       ('Grudziądz'),
       ('Jaworzno'),
       ('Słupsk'),
       ('Jastrzębie-Zdrój'),
       ('Nowy Sącz'),
       ('Jelenia Góra'),
       ('Siedlce'),
       ('Mysłowice'),
       ('Konin'),
       ('Piła'),
       ('Radomsko'),
       ('Inowrocław'),
       ('Lubin'),
       ('Ostrów Wielkopolski'),
       ('Ostrowiec Świętokrzyski'),
       ('Gniezno'),
       ('Stargard'),
       ('Siemianowice Śląskie'),
       ('Piotrków Trybunalski'),
       ('Suwałki'),
       ('Głogów'),
       ('Chełm'),
       ('Racibórz'),
       ('Ełk'),
       ('Przemyśl'),
       ('Zamość'),
       ('Tarnowskie Góry'),
       ('Tomaszów Mazowiecki'),
       ('Kędzierzyn-Koźle'),
       ('Leszno'),
       ('Łomża'),
       ('Żory'),
       ('Bytów'),
       ('Wałcz'),
       ('Starachowice'),
       ('Żyrardów'),
       ('Chrzanów'),
       ('Otwock'),
       ('Sanok'),
       ('Świdnica'),
       ('Szczytno'),
       ('Zgierz'),
       ('Trzebinia'),
       ('Piekary Śląskie'),
       ('Libiąż'),
       ('Knurow');

insert into skill (skill_name)
values ('Python'),
       ('JavaScript'),
       ('C++'),
       ('SQL'),
       ('HTML'),
       ('CSS'),
       ('PHP'),
       ('Ruby'),
       ('Swift'),
       ('Go'),
       ('Kotlin'),
       ('React'),
       ('Angular'),
       ('Vue.js'),
       ('Node.js'),
       ('Docker'),
       ('Git'),
       ('AWS'),
       ('Machine Learning'),
       ('Data Science'),
       ('Ruby on Rails'),
       ('ASP.NET'),
       ('Laravel'),
       ('Spring Framework'),
       ('Express.js'),
       ('MongoDB'),
       ('PostgreSQL'),
       ('Firebase'),
       ('Elasticsearch'),
       ('GraphQL'),
       ('AWS Lambda'),
       ('Azure'),
       ('Google Cloud Platform'),
       ('DevOps'),
       ('Scrum'),
       ('Kubernetes'),
       ('Microservices'),
       ('RESTful API'),
       ('Test Driven Development'),
       ('Agile Project Management'),
       ('Spring Boot'),
       ('Hibernate'),
       ('JavaFX'),
       ('JPA'),
       ('JUnit'),
       ('Maven'),
       ('Gradle');

insert into employer (employer_uuid, company_name, email_contact, phone_number, description, website,
                      number_of_employees, created_at, city_id)
values ('11d3a76b-d2ff-4e9d-aa2b-5f8c9484cc9b', 'ABC Sp. z o.o.', 'kontakt@abccorp.com', '555-123-4567',
        'Jesteśmy międzynarodową korporacją specjalizującą się w tworzeniu oprogramowania.',
        'www.abccorp.com', 5000, '2022-02-08 14:32:43', 1),
       ('69752da4-71da-4c0e-b738-5213d6e4b6da', 'XYZ Tech', 'info@xyztech.com', '555-987-6543',
        'XYZ Tech to wiodąca firma technologiczna, dostarczająca innowacyjne rozwiązania.',
        'www.xyztech.com', 1000, '2022-01-07 15:32:43', 2),
       ('a0b673fe-7e74-47c4-bb19-d07e8506ff14', 'Acme Industries', 'hr@acmeindustries.com', '555-555-5555',
        'Acme Industries to firma produkcyjna o różnorodnym asortymencie produktów.',
        'www.acmeindustries.com', 2000, '2021-12-06 16:32:43', 3),
       ('ddd4c00a-1773-42d7-bba4-12679140a428', 'Tech Solutions Ltd.', 'info@techsolutions.com', '555-111-1111',
        'Tech Solutions oferuje kompleksowe usługi IT i doradztwo.', 'www.techsolutions.com', 250,
        '2021-11-05 17:32:43', 1),
       ('c5af8a81-4aa7-44e4-9902-3d63dab53f1e', 'Global Bank', 'kariera@globalbank.com', '555-222-2222',
        'Global Bank to wiodąca instytucja finansowa obsługująca klientów na całym świecie.',
        'www.globalbank.com', 10000, '2021-10-04 18:32:43', 2),
       ('ece4e5b3-2142-4a9b-a70f-c370f4a4a822', 'Innowacyjne Start-upy', 'info@innowacyjnestartupy.com', '555-333-3333',
        'Wspieramy i inwestujemy w obiecujące start-upy, aby promować innowacje.',
        'www.innowacyjnestartupy.com', 50, '2021-09-03 19:32:43', 3),
       ('1f5a2c49-b745-42f9-b006-8c4e28a2a6b5', 'Software Solutions Inc.', 'info@softwaresolutions.com', '555-444-4444',
        'Software Solutions oferuje nowoczesne usługi w zakresie tworzenia oprogramowania.',
        'www.softwaresolutions.com', 500, '2021-08-02 20:32:43', 1),
       ('49660bfb-0ff5-49dd-b500-776cb0b0ef83', 'Systemy Medyczne', 'kariera@systemymedyczne.com', '555-666-6666',
        'Tworzymy zaawansowane systemy medyczne dla szpitali i klinik.', 'www.systemymedyczne.com', 2000,
        '2021-07-01 21:32:43', 2),
       ('4e9870d2-c9c3-4424-9446-90ab32b9a121', 'Innowatorzy E-commerce', 'info@innowatorzyecommerce.com',
        '555-999-9999', 'Pomagamy firmom odnosić sukcesy na rynku e-commerce dzięki innowacyjnym rozwiązaniom.',
        'www.innowatorzyecommerce.com', 100, '2021-06-30 22:32:43', 3),
       ('8e44d70a-5e0f-480d-8f77-0feaafe383a5', 'Tech Start', 'rekrutacja@techstart.com', '555-777-7777',
        'Tech Start to inkubator start-upów, który zapewnia zasoby i mentorstwo młodym przedsiębiorcom.',
        'www.techstart.com', 20, '2021-05-29 23:32:43', 1),
       ('5d5d260b-51f1-4088-8d4d-156067cb566b', 'Green Energy Solutions', 'info@greenenergysolutions.com',
        '555-888-8888', 'Tworzymy zrównoważone rozwiązania energetyczne dla bardziej ekologicznej przyszłości.',
        'www.greenenergysolutions.com', 500, '2021-04-28 00:32:43', 2),
       ('67b7690a-4b8e-4a1a-ae88-179064f3e970', 'Specjaliści Consulting', 'kontakt@specjalisticonsulting.com',
        '555-444-4444', 'Oferujemy specjalistyczne usługi doradcze, aby pomóc firmom optymalizować swoje działania.',
        'www.specjalisticonsulting.com', 1000, '2021-03-27 01:32:43', 3),
       ('39878f79-3f84-4a35-8e85-7c88ae8c8d8f', 'Tech Innovations', 'info@techinnovations.com', '555-555-5555',
        'Tech Innovations jest na czele postępu technologicznego, napędzając innowacje.',
        'www.techinnovations.com', 250, '2021-02-26 02:32:43', 1),
       ('bbdad901-89af-407a-8570-1c78fd1e58f4', 'Doradcy Finansowi', 'info@doradcyfinansowi.com', '555-666-6666',
        'Zajmujemy się udzielaniem ekspertowych porad finansowych dla osób prywatnych i firm.',
        'www.doradcyfinansowi.com', 100, '2021-01-25 03:32:43', 2),
       ('71f22b71-58c1-4f64-9601-7e8ccdcac8e9', 'Studio Projektowe', 'info@studioprojektowe.com', '555-777-7777',
        'Studio Projektowe oferuje kreatywne rozwiązania projektowe dla różnych branż.',
        'www.studioprojektowe.com', 50, '2020-12-24 04:32:43', 3),
       ('2e2e3f15-6e85-4c7f-862d-bf9db3dd09e9', 'Produkcje Medialne', 'kariera@produkcjemedialne.com', '555-888-8888',
        'Specjalizujemy się w produkcji wysokiej jakości treści medialnych dla różnorodnych platform.',
        'www.produkcjemedialne.com', 500, '2020-11-23 05:32:43', 1),
       ('f39ad77f-4e86-4dbf-a41b-4f78e9e5a7fd', 'Rozwiązania Motoryzacyjne', 'info@rozwiazaniamotoryzacyjne.com',
        '555-999-9999', 'Tworzymy zaawansowane technologie i rozwiązania dla branży motoryzacyjnej.',
        'www.rozwiazaniamotoryzacyjne.com', 1000, '2021-01-25 03:32:43', 2),
       ('34528742-aa70-4526-9baf-8e2420e85af0', 'Eksperci Edukacji', 'kontakt@eksperciedukacji.com', '555-111-1111',
        'Eksperci Edukacji oferują innowacyjne rozwiązania edukacyjne dla szkół i instytucji.',
        'www.eksperciedukacji.com', 500, '2021-10-04 18:32:43', 3),
       ('b2a85a7b-fc8f-4f39-9b62-519cfbce7e7e', 'Agencja Marketingowa', 'info@agencjamarketingowa.com', '555-222-2222',
        'Oferujemy kompleksowe usługi marketingowe, aby pomóc firmom dotrzeć do swojej grupy docelowej.',
        'www.agencjamarketingowa.com', 200, '2021-06-30 22:32:43', 1),
       ('9477c8cd-2993-4ebc-9f52-b4f268694ecd', 'Grupa Hotelowa', 'kariera@grupahotelowa.com', '555-333-3333',
        'Grupa Hotelowa zarządza portfelem luksusowych hoteli i kurortów.', 'www.grupahotelowa.com', 1000,
        '2021-09-03 19:32:43', 2);

insert into candidate (candidate_uuid, first_name, last_name, phone_number, residence_city_id,
                       created_at, education, hobby, foreign_language, github_link, linkedin_link, experience_level,
                       years_of_experience, salary_min,
                       open_to_remote_job, email_contact, status, employer_id)
values ('5e8dd047-7b07-44fb-bbd6-1f15db0f6a8c', 'Jan', 'Kowalski', '123456789', 1, '2023-05-01', 'Mgr inż. Informatyki',
        'Gra na gitarze', 'Angielski', 'https://github.com/jankowalski', 'https://linkedin.com/in/jankowalski',
        'JUNIOR', 3, 5000.00, false, 'jan.kowalski@example.com', 'EMPLOYED', 1),
       ('9c6d5a77-7250-4d4e-b0c9-af65fdd1c3b3', 'Anna', 'Nowak', '987654321', 2, '2023-05-02', 'Inż. informatyki',
        'Fotografia', 'Francuski', 'https://github.com/annanowak', 'https://linkedin.com/in/annanowak', 'JUNIOR', 3,
        4000.00, true, 'anna.nowak@example.com', 'INACTIVE', null),
       ('7f7b1e1b-8c5c-4c71-bc3a-1485dfcc7ac4', 'Michał', 'Wiśniewski', '555555555', 3, '2023-05-03',
        'Inż. informatyki', 'Podróże', 'Niemiecki', 'https://github.com/michalwisniewski',
        'https://linkedin.com/in/michalwisniewski', 'JUNIOR', 4, 6000.00, true, 'michal.wisniewski@example.com',
        'ACTIVE', null),
       ('2d6c9a0d-350e-4dbb-a3c0-ef334d8fcd34', 'Daniel', 'Lewandowski',
        '222222222', 4, '2023-05-04', 'Informatyka', 'Gotowanie', 'Włoski',
        'https://github.com/daniellewandowski',
        'https://linkedin.com/in/daniellewandowski', 'JUNIOR', 3, 5000.00,
        false, 'daniel.lewandowski@example.com', 'ACTIVE', null),
       ('9a2e1a2d-0a45-44be-b214-d4a9d26e54b5', 'Aleksandra', 'Kaczmarek', '444444444', 5, '2023-05-05',
        'Informatyka', 'Gry komputerowe', 'Chiński',
        'https://github.com/aleksandrakaczmarek', 'https://linkedin.com/in/aleksandrakaczmarek', 'JUNIOR', 2, 4000.00,
        true, 'aleksandra.kaczmarek@example.com', 'ACTIVE', null),
       ('6f2ea2fb-f1bf-4fe7-bf63-d431f5e68776', 'Piotr', 'Jankowski',
        '666666666', 6, '2023-05-06', 'Inż. informatyki', 'Sport', 'Hiszpański', 'https://github.com/piotrjankowski',
        'https://linkedin.com/in/piotrjankowski', 'JUNIOR', 4, 6000.00, true,
        'piotr.jankowski@example.com', 'ACTIVE', null),
       ('e3b0c442-98fc-1c14-9af3-d0f07aa18bbf', 'Katarzyna', 'Wójcik',
        '777777777', 7, '2023-05-07', 'Inż. informatyki', 'Podróże', 'Angielski', 'https://github.com/katarzynawojcik',
        'https://linkedin.com/in/katarzynawojcik', 'JUNIOR', 3, 5000.00, false,
        'katarzyna.wojcik@example.com', 'ACTIVE', null),
       ('a3d9e614-5d57-4596-a6d8-c1d2302ef8bd', 'Marcin', 'Kowalczyk', '888888888', 8, '2023-05-08',
        'Mgr inż. Informatyki', 'Gry planszowe', 'Niemiecki', 'https://github.com/marcinkowalczyk',
        'https://linkedin.com/in/marcinkowalczyk', 'JUNIOR', 2, 4000.00, true, 'marcin.kowalczyk@example.com', 'ACTIVE',
        null),
       ('f5cc59f5-e20e-4dc4-bf29-d1c03675cd80', 'Karolina', 'Lis', '999999999',
        9, '2023-05-09', 'Inż. informatyki', 'Jazda na rowerze', 'Francuski', 'https://github.com/karolinalis',
        'https://linkedin.com/in/karolinalis', 'JUNIOR', 4, 6000.00, true, 'karolina.lis@example.com', 'ACTIVE', null),
       ('dcf05d74-f6f0-4eb8-bf58-fa35cbcedcd1', 'Tomasz', 'Wojciechowski', '101010101', 10, '2023-05-10',
        'Inż. informatyki', 'Fotografia', 'Włoski', 'https://github.com/tomaszwojciechowski',
        'https://linkedin.com/in/tomaszwojciechowski', 'JUNIOR', 3, 5000.00,
        false, 'tomasz.wojciechowski@example.com', 'ACTIVE', null),
       ('ecfb5ad9-f22e-4675-b728-c011ec275cc2', 'Monika', 'Wróblewska', '111111111', 11, '2023-05-11',
        'Inż. informatyki', 'Podróże', 'Hiszpański', 'https://github.com/monikawroblewska',
        'https://linkedin.com/in/monikawroblewska', 'MID', 2, 4000.00, true, 'monika.wroblewska@example.com', 'ACTIVE',
        null),
       ('a2b06eb9-c1e7-4ea2-a46c-cf349ffcc32d', 'Marek', 'Laskowski', '121212121', 12, '2023-05-12',
        'Mgr inż. Informatyki', 'Gra na gitarze', 'Angielski', 'https://github.com/mareklaskowski',
        'https://linkedin.com/in/mareklaskowski',
        'MID', 4, 6000.00, true, 'marek.laskowski@example.com', 'ACTIVE', null),
       ('b3a8cfcb-f48e-405d-a085-eafabfcec3be', 'Małgorzata', 'Kowal',
        '131313131', 13, '2023-05-13', 'Inż. informatyki', 'Sport', 'Niemiecki', 'https://github.com/malgorzatakowal',
        'https://linkedin.com/in/malgorzatakowal', 'MID', 3, 5000.00, false, 'malgorzata.kowal@example.com', 'ACTIVE',
        null),
       ('c4b9debc-g59f-506e-b196-fdb0dfddc4cf', 'Grzegorz', 'Dudek', '141414141', 14, '2023-05-14',
        'Inż. informatyki', 'Podróże', 'Francuski', 'https://github.com/grzegorzdudek',
        'https://linkedin.com/in/grzegorzdudek', 'MID', 2, 4000.00, true,
        'grzegorz.dudek@example.com', 'ACTIVE', null),
       ('d5caefcd-h60g-607f-c207-gedcefdec5dg', 'Joanna', 'Jasińska',
        '151515151', 15, '2023-05-15', 'Informatyka',
        'Fotografia', 'Włoski', 'https://github.com/joannajasinska',
        'https://linkedin.com/in/joannajasinska', 'MID', 4, 6000.00, true,
        'joanna.jasinska@example.com', 'ACTIVE', null),
       ('e6dbfgde-i71h-708g-d318-hfdcefed6eh', 'Adam', 'Kaczorowski',
        '161616161', 16, '2023-05-16',
        'Inż. informatyki', 'Podróże', 'Hiszpański', 'https://github.com/adamkaczorowski',
        'https://linkedin.com/in/adamkaczorowski', 'MID', 3, 5000.00, false,
        'adam.kaczorowski@example.com', 'ACTIVE', null),
       ('f7ecghed-j82i-809h-e429-ifedeffg7fi', 'Magdalena', 'Pawlak',
        '171717171', 17, '2023-05-17',
        'Inż. informatyki', 'Gry planszowe', 'Angielski',
        'https://github.com/magdalenapawlak', 'https://linkedin.com/in/magdalenapawlak',
        'MID', 2, 4000.00, true, 'magdalena.pawlak@example.com', 'ACTIVE', null),
       ('g8fdhife-k93j-910i-f530-jgeefghh8gj', 'Krzysztof', 'Zawadzki',
        '181818181', 18, '2023-05-18',
        'Informatyka', 'Sport', 'Niemiecki', 'https://github.com/krzysztofzawadzki',
        'https://linkedin.com/in/krzysztofzawadzki', 'MID', 4, 6000.00, true,
        'krzysztof.zawadzki@example.com', 'ACTIVE', null),
       ('h9geijgf-l04k-a21j-g641-khfghii9hk', 'Iwona', 'Jaworska',
        '191919191', 19, '2023-05-19',
        'Inż. informatyki', 'Podróże', 'Francuski', 'https://github.com/iwonajaworska',
        'https://linkedin.com/in/iwonajaworska', 'MID', 3, 5000.00, false,
        'iwona.jaworska@example.com', 'ACTIVE', null),
       ('iahfkjhg-m15l-b32k-h752-ligihjjakl', 'Michał', 'Witkowski',
        '202020202', 20, '2023-05-20',
        'Inż. informatyki', 'Gra na gitarze', 'Włoski', 'https://github.com/michalwitkowski',
        'https://linkedin.com/in/michalwitkowski', 'SENIOR', 2, 4000.00, true,
        'michal.witkowski@example.com', 'ACTIVE', null),
       ('jbilkhji-n26m-c43l-i863-mjhihkkbjm', 'Anna', 'Nowak', '212121212', 1,
        '2023-05-21', 'Informatyka',
        'Fotografia', 'Hiszpański', 'https://github.com/annanowak',
        'https://linkedin.com/in/annanowak', 'SENIOR', 4, 6000.00, true,
        'anna.nowakk@example.com', 'ACTIVE', null),
       ('kcjmlkjk-o37n-d54m-j974-nkjikllckn', 'Paweł', 'Dąbrowski',
        '222222222', 2, '2023-05-22',
        'Inż. informatyki', 'Podróże', 'Angielski', 'https://github.com/paweldabrowski',
        'https://linkedin.com/in/paweldabrowski', 'SENIOR', 3, 5000.00, false,
        'pawel.dabrowski@example.com', 'ACTIVE', null),
       ('ldknmklm-p48o-e65n-k085-okjklmmldo', 'Ewa', 'Kwiatkowska',
        '232323232', 3, '2023-05-23', 'Informatyka',
        'Sport', 'Niemiecki', 'https://github.com/ewakwiatkowska',
        'https://linkedin.com/in/ewakwiatkowska', 'SENIOR', 2, 4000.00, true,
        'ewa.kwiatkowska@example.com', 'ACTIVE', null),
       ('melonmnm-q59p-f76o-l196-plkmnnoemq', 'Jan', 'Piotrowski',
        '242424242', 4, '2023-05-24',
        'Mgr inż. Informatyki', 'Gry planszowe', 'Francuski',
        'https://github.com/janpiotrowski', 'https://linkedin.com/in/janpiotrowski',
        'SENIOR', 4,
        6000.00, true, 'jan.piotrowski@example.com', 'ACTIVE', null),
       ('nfpopnon-r60q-g87p-m207-qnlnooppfr', 'Katarzyna', 'Zając',
        '252525252', 5, '2023-05-25',
        'Inż. informatyki', 'Podróże', 'Hiszpański', 'https://github.com/katarzynazajac',
        'https://linkedin.com/in/katarzynazajac', 'SENIOR', 3, 5000.00, false,
        'katarzyna.zajac@example.com', 'ACTIVE', null),
       ('ogqqpoop-s71r-h98q-n318-rooppqqqgs', 'Andrzej', 'Kowalczyk',
        '262626262', 6, '2023-05-26',
        'Inż. informatyki', 'Fotografia', 'Włoski', 'https://github.com/andrzejkowalczyk',
        'https://linkedin.com/in/andrzejkowalczyk', 'SENIOR', 2, 4000.00, true,
        'andrzej.kowalczyk@example.com', 'ACTIVE', null),
       ('phrrqpqq-t82s-i09r-o429-sppqqrrrht', 'Karolina', 'Kaczmarek',
        '272727272', 7, '2023-05-27',
        'Inż. informatyki', 'Podróże', 'Angielski', 'https://github.com/karolinakaczmarek',
        'https://linkedin.com/in/karolinakaczmarek', 'SENIOR', 4, 6000.00, true,
        'karolina.kaczmarek@example.com', 'ACTIVE', null),
       ('qissqrqr-u93t-j10s-p530-tqqrrsssiu', 'Robert', 'Mazur', '282828282', 8,
        '2023-05-28', 'Informatyka',
        'Gra na gitarze', 'Niemiecki', 'https://github.com/robertmazur',
        'https://linkedin.com/in/robertmazur', 'SENIOR', 3, 5000.00, false,
        'robert.mazur@example.com', 'ACTIVE', null),
       ('rjttsrss-v04u-k21t-q641-uqrrssttjv', 'Marta', 'Górka', '292929292', 9,
        '2023-05-29', 'Informatyka', 'Sport',
        'Francuski', 'https://github.com/martagorka', 'https://linkedin.com/in/martagorka', 'SENIOR', 2, 4000.00, true,
        'marta.gorka@example.com', 'ACTIVE', null),
       ('skuutstt-w15v-l32u-r752-vrssttuukw ', 'Tomasz', 'Wójcik', '303030303',
        10, '2023-05-30', 'Inż. informatyki',
        'Podróże', 'Hiszpański', 'https://github.com/tomaszwojcik',
        'https://linkedin.com/in/tomaszwojcik', 'SENIOR', 4, 6000.00, true,
        'tomasz.wojcik@example.com', 'ACTIVE', null),
       ('tlvvutuu-x26w-m43v-s863-wsttuuvvxl ', 'Monika', 'Krawczyk',
        '313131313', 11, '2023-05-31',
        'Inż. informatyki', 'Fotografia', 'Angielski', 'https://github.com/monikakrawczyk',
        'https://linkedin.com/in/monikakrawczyk', 'SENIOR', 3, 5000.00, false,
        'monika.krawczyk@example.com', 'ACTIVE', null);

insert into offer (offer_uuid, title, employer_id, description, city_id, experience_level, salary_min, salary_max,
                   created_at, status, remote_work)
values ('6c84fb90-12c4-11e1-840d-7b25c5ee775a', 'Programista Java', 1, 'Opis stanowiska programisty Java', 1, 'SENIOR',
        5000.00, 8000.00, '2023-05-24', 'EXPIRED', 0),
       ('6d203a2a-12c4-11e1-840d-7b25c5ee775a', 'Front-end Developer', 3, 'Opis stanowiska Front-end Developera', 3,
        'SENIOR', null, null, '2023-05-20', 'ACTIVE', 100),
       ('6d3f4b90-12c4-11e1-840d-7b25c5ee775a', 'Full-stack Developer', 2, 'Opis stanowiska Full-stack Developera', 2,
        'SENIOR', 6000.00, 9000.00, '2023-05-24', 'ACTIVE', 50),
       ('6d5e5c00-12c4-11e1-840d-7b25c5ee775a', 'Java Software Engineer', 4, 'Opis stanowiska Java Software Engineera',
        4, 'MID', 5500.00, 8500.00, '2023-05-24', 'ACTIVE', 0),
       ('6d7d6d70-12c4-11e1-840d-7b25c5ee775a', 'Backend Developer', 5, 'Opis stanowiska Backend Developera', 19, 'MID',
        null, null, '2023-05-24', 'ACTIVE', 0),
       ('6d9c7e80-12c4-11e1-840d-7b25c5ee775a', 'Programista C#', 1, 'Opis stanowiska programisty C#', 1, 'MID',
        4500.00, 7000.00, '2023-05-24', 'ACTIVE', 0),
       ('6dbb8f90-12c4-11e1-840d-7b25c5ee775a', 'QA Engineer', 3, 'Opis stanowiska QA Engineera', 3, 'JUNIOR', 4000.00,
        6000.00, '2023-05-24', 'ACTIVE', 0),
       ('6dda00a0-12c4-11e1-840d-7b25c5ee775a', 'Software Architect', 2, 'Opis stanowiska Software Architekta', 2,
        'SENIOR', 7000.00, 10000.00, '2023-05-24', 'ACTIVE', 0),
       ('6df911b0-12c4-11e1-840d-7b25c5ee775a', 'JUNIOR Java Developer', 4, 'Opis stanowiska JUNIOR Java Developera', 4,
        'JUNIOR', 3500.00, 5000.00, '2023-05-24', 'ACTIVE', 0),
       ('6e1822c0-12c4-11e1-840d-7b25c5ee775a', 'Software Tester', 5, 'Opis stanowiska Software Testera', 5, 'JUNIOR',
        2500.00, 5500.00, '2023-05-24', 'ACTIVE', 0),
       ('6e3733d0-12c4-11e1-840d-7b25c5ee775a', 'Python Developer', 1, 'Opis stanowiska Python Developera', 1, 'MID',
        4500.00, 7000.00, '2023-05-24', 'ACTIVE', 0),
       ('6e5644e0-12c4-11e1-840d-7b25c5ee775a', 'Mobile App Developer', 3, 'Opis stanowiska Mobile App Developera', 3,
        'MID', 5000.00, 8000.00, '2023-05-24', 'ACTIVE', 0),
       ('6e7555f0-12c4-11e1-840d-7b25c5ee775a', 'Web Designer', 2, 'Opis stanowiska Web Designera', 2, 'JUNIOR',
        4000.00, 6000.00, '2023-05-24', 'ACTIVE', 0),
       ('6e946600-12c4-11e1-840d-7b25c5ee775a', 'DevOps Engineer', 4, 'Opis stanowiska DevOps Engineera', 4, 'SENIOR',
        6000.00, 9000.00, '2023-05-24', 'ACTIVE', 0),
       ('6eb37710-12c4-11e1-840d-7b25c5ee775a', 'Backend Python Developer', 5,
        'Opis stanowiska Backend Python Developera', 5, 'MID', 5500.00, 8500.00, '2023-05-24', 'ACTIVE', 0),
       ('6ed28820-12c4-11e1-840d-7b25c5ee775a', 'PHP Developer', 1, 'Opis stanowiska PHP Developera', 1, 'MID', 4500.00,
        7000.00, '2023-05-24', 'ACTIVE', 0),
       ('6ef19930-12c4-11e1-840d-7b25c5ee775a', 'Software Engineer', 3, 'Opis stanowiska Software Engineera', 3,
        'SENIOR', 6000.00, 9000.00, '2023-05-24', 'ACTIVE', 0),
       ('6f10aa40-12c4-11e1-a0dd-c8f733efa55b', 'Android Developer', 2, 'Opis stanowiska Android Developera', 2, 'MID',
        5000.00, 8000.00, '2023-05-24', 'ACTIVE', 0),
       ('6f2fbb50-c8f733efa55b-a0dd-c8f733efa55b', 'Frontend JavaScript Developer', 4,
        'Opis stanowiska Frontend JavaScript Developera', 4, 'MID', 5000.00, 8000.00, '2023-05-24', 'ACTIVE', 0),
       ('6f4ecc60-c8f733efa55b-a0dd-c8f733efa55b', 'Data Scientist', 5, 'Opis stanowiska Data Scientista', 5, 'SENIOR',
        15000.00, 20000.00, '2023-05-24', 'ACTIVE', 0);

insert into offer_skill (offer_id, skill_id)
values (1, 2),
       (1, 6),
       (1, 11),
       (1, 16),
       (1, 20),
       (1, 25),
       (1, 30),
       (2, 3),
       (2, 7),
       (2, 12),
       (2, 17),
       (2, 21),
       (3, 4),
       (3, 8),
       (3, 13),
       (3, 18),
       (3, 22),
       (3, 26),
       (3, 31),
       (3, 36),
       (3, 40),
       (3, 45),
       (4, 5),
       (4, 9),
       (4, 14),
       (4, 19),
       (4, 23),
       (4, 27),
       (4, 32),
       (4, 37),
       (5, 6),
       (5, 10),
       (5, 15),
       (5, 20),
       (5, 24),
       (5, 28),
       (5, 33),
       (5, 38),
       (5, 41),
       (6, 7),
       (6, 11),
       (6, 16),
       (6, 21),
       (6, 25),
       (6, 29),
       (6, 34),
       (6, 39),
       (6, 42),
       (7, 8),
       (7, 12),
       (7, 17),
       (7, 22),
       (7, 26),
       (7, 30),
       (7, 35),
       (7, 40),
       (7, 43),
       (8, 9),
       (8, 13),
       (8, 18),
       (8, 23),
       (8, 27),
       (8, 31),
       (8, 36),
       (8, 41),
       (8, 44),
       (9, 10),
       (9, 14),
       (9, 19),
       (9, 24),
       (9, 28),
       (9, 32),
       (9, 37),
       (9, 42),
       (9, 45),
       (10, 11),
       (10, 15),
       (10, 20),
       (10, 25),
       (10, 30),
       (10, 35),
       (10, 40),
       (11, 12),
       (11, 16),
       (11, 21),
       (11, 26),
       (11, 31),
       (11, 36),
       (11, 41),
       (12, 13),
       (12, 17),
       (12, 22),
       (12, 27),
       (12, 32),
       (12, 37),
       (12, 42),
       (12, 45),
       (13, 14),
       (13, 18),
       (13, 23),
       (13, 28),
       (13, 33),
       (13, 38),
       (13, 43),
       (14, 15),
       (14, 19),
       (14, 24),
       (14, 29),
       (14, 34),
       (14, 39),
       (14, 44),
       (15, 16),
       (15, 20),
       (15, 25),
       (15, 30),
       (15, 35),
       (15, 40),
       (15, 45),
       (16, 17),
       (16, 21),
       (16, 26),
       (16, 31),
       (16, 36),
       (16, 41),
       (16, 46),
       (17, 18),
       (17, 22),
       (17, 27),
       (17, 32),
       (17, 37),
       (17, 42),
       (17, 45),
       (18, 19),
       (18, 23),
       (18, 28),
       (18, 33),
       (18, 38),
       (18, 43),
       (19, 20),
       (19, 24),
       (19, 29),
       (19, 34),
       (19, 39),
       (19, 44),
       (20, 21),
       (20, 25),
       (20, 30),
       (20, 35),
       (20, 40),
       (20, 45);


insert into candidate_skill (candidate_id, skill_id)
values (1, 2),
       (1, 6),
       (1, 11),
       (1, 16),
       (1, 20),
       (1, 25),
       (1, 30),
       (2, 3),
       (2, 7),
       (2, 12),
       (2, 17),
       (2, 21),
       (3, 4),
       (3, 8),
       (3, 13),
       (3, 18),
       (3, 22),
       (3, 26),
       (3, 31),
       (3, 36),
       (3, 40),
       (3, 45),
       (4, 5),
       (4, 9),
       (4, 14),
       (4, 19),
       (4, 23),
       (4, 27),
       (4, 32),
       (4, 37),
       (5, 6),
       (5, 10),
       (5, 15),
       (5, 20),
       (5, 24),
       (5, 28),
       (5, 33),
       (5, 38),
       (5, 41),
       (6, 7),
       (6, 11),
       (6, 16),
       (6, 21),
       (6, 25),
       (6, 29),
       (6, 34),
       (6, 39),
       (6, 42),
       (7, 8),
       (7, 12),
       (7, 17),
       (7, 22),
       (7, 26),
       (7, 30),
       (7, 35),
       (7, 40),
       (7, 43),
       (8, 9),
       (8, 13),
       (8, 18),
       (8, 23),
       (8, 27),
       (8, 31),
       (8, 36),
       (8, 41),
       (8, 44),
       (9, 10),
       (9, 14),
       (9, 19),
       (9, 24),
       (9, 28),
       (9, 32),
       (9, 37),
       (9, 42),
       (9, 45),
       (10, 11),
       (10, 15),
       (10, 20),
       (10, 25),
       (10, 30),
       (10, 35),
       (10, 40),
       (11, 12),
       (11, 16),
       (11, 21),
       (11, 26),
       (11, 31),
       (11, 36),
       (11, 41),
       (12, 13),
       (12, 17),
       (12, 22),
       (12, 27),
       (12, 32),
       (12, 37),
       (12, 42),
       (12, 45),
       (13, 14),
       (13, 18),
       (13, 23),
       (13, 28),
       (13, 33),
       (13, 38),
       (13, 43),
       (14, 15),
       (14, 19),
       (14, 24),
       (14, 29),
       (14, 34),
       (14, 39),
       (14, 44),
       (15, 16),
       (15, 20),
       (15, 25),
       (15, 30),
       (15, 35),
       (15, 40),
       (15, 45),
       (16, 17),
       (16, 21),
       (16, 26),
       (16, 31),
       (16, 36),
       (16, 41),
       (16, 46),
       (17, 18),
       (17, 22),
       (17, 27),
       (17, 32),
       (17, 37),
       (17, 42),
       (17, 45),
       (18, 19),
       (18, 23),
       (18, 28),
       (18, 33),
       (18, 38),
       (18, 43),
       (19, 20),
       (19, 24),
       (19, 29),
       (19, 34),
       (19, 39),
       (19, 44),
       (20, 21),
       (20, 25),
       (20, 30),
       (20, 35),
       (20, 40),
       (20, 45),
       (21, 22),
       (21, 26),
       (21, 31),
       (21, 36),
       (21, 41),
       (21, 46),
       (22, 23),
       (22, 27),
       (22, 32),
       (22, 37),
       (22, 42),
       (22, 45),
       (23, 24),
       (23, 28),
       (23, 33),
       (23, 38),
       (23, 43),
       (24, 25),
       (24, 29),
       (24, 34),
       (24, 39),
       (24, 44),
       (25, 26),
       (25, 30),
       (25, 35),
       (25, 40),
       (25, 45),
       (26, 27),
       (26, 31),
       (26, 36),
       (26, 41),
       (26, 46),
       (27, 28),
       (27, 32),
       (27, 37),
       (27, 42),
       (27, 45),
       (28, 29),
       (28, 33),
       (28, 38),
       (28, 43),
       (29, 30),
       (29, 34),
       (29, 39),
       (29, 44);


insert into devfinder_role (role_id, role)
values (1, 'CANDIDATE'),
       (2, 'EMPLOYER'),
       (3, 'REST_API');

insert into devfinder_user (user_name, user_uuid, email, password, is_enabled, role_id)
values ('test_user_api', '56d5a77-50-4c71-bb216-1ff334d8fcsj8', 'test_api_user@example.com',
        '$2a$12$TwQsp1IusXTDl7LwZqL0qeu49Ypr6vRdEzRq2vAsgb.zvOtrnzm5G', true, 3),
       ('jan', '5e8dd047-7b07-44fb-bbd6-1f15db0f6a8c', 'jan.kowalski@example.com',
        '$2a$12$TwQsp1IusXTDl7LwZqL0qeu49Ypr6vRdEzRq2vAsgb.zvOtrnzm5G', true, 1),
       ('jan2', 'galj446f-68jb-ljfb-dhj6-1485dfcc7ag6', 'jan.kowalski2@example.com',
        '$2a$12$TwQsp1IusXTDl7LwZqL0qeu49Ypr6vRdEzRq2vAsgb.zvOtrnzm5G', true, 1),
       ('anna', '9c6d5a77-7250-4d4e-b0c9-af65fdd1c3b3', 'anna.nowak@example.com',
        '$2a$12$TwQsp1IusXTDl7LwZqL0qeu49Ypr6vRdEzRq2vAsgb.zvOtrnzm5G', true, 1),
       ('michal', '7f7b1e1b-8c5c-4c71-bc3a-1485dfcc7ac4', 'michal.wisniewski@example.com',
        '$2a$12$TwQsp1IusXTDl7LwZqL0qeu49Ypr6vRdEzRq2vAsgb.zvOtrnzm5G', true, 1),
       ('daniel', '2d6c9a0d-350e-4dbb-a3c0-ef334d8fcd34', 'daniel.lewandowski@example.com',
        '$2a$12$TwQsp1IusXTDl7LwZqL0qeu49Ypr6vRdEzRq2vAsgb.zvOtrnzm5G', true, 1),
       ('aleksandra', '9a2e1a2d-0a45-44be-b214-d4a9d26e54b5', 'aleksandra.kaczmare@example.com',
        '$2a$12$TwQsp1IusXTDl7LwZqL0qeu49Ypr6vRdEzRq2vAsgb.zvOtrnzm5G', true, 1),
       ('piotr', '6f2ea2fb-f1bf-4fe7-bf63-d431f5e68776', 'piotr.jankowski@example.com',
        '$2a$12$TwQsp1IusXTDl7LwZqL0qeu49Ypr6vRdEzRq2vAsgb.zvOtrnzm5G', true, 1),
       ('katarzyna', 'e3b0c442-98fc-1c14-9af3-d0f07aa18bbf', 'katarzyna.wojcik@example.com',
        '$2a$12$TwQsp1IusXTDl7LwZqL0qeu49Ypr6vRdEzRq2vAsgb.zvOtrnzm5G', true, 1),
       ('marcin', 'a3d9e614-5d57-4596-a6d8-c1d2302ef8bd', 'marcin.kowalczyk@example.com',
        '$2a$12$TwQsp1IusXTDl7LwZqL0qeu49Ypr6vRdEzRq2vAsgb.zvOtrnzm5G', true, 1),
       ('karolina', 'f5cc59f5-e20e-4dc4-bf29-d1c03675cd80', 'karolina.lis@example.com',
        '$2a$12$TwQsp1IusXTDl7LwZqL0qeu49Ypr6vRdEzRq2vAsgb.zvOtrnzm5G', true, 1),
       ('tomasz', 'dcf05d74-f6f0-4eb8-bf58-fa35cbcedcd1', 'tomasz.wojciechowski@example.com',
        '$2a$12$TwQsp1IusXTDl7LwZqL0qeu49Ypr6vRdEzRq2vAsgb.zvOtrnzm5G', true, 1),
       ('monika', 'ecfb5ad9-f22e-4675-b728-c011ec275cc2', 'monika.wroblewska@example.com',
        '$2a$12$TwQsp1IusXTDl7LwZqL0qeu49Ypr6vRdEzRq2vAsgb.zvOtrnzm5G', true, 1),
       ('marek', 'a2b06eb9-c1e7-4ea2-a46c-cf349ffcc32d', 'marek.laskowski@example.com',
        '$2a$12$TwQsp1IusXTDl7LwZqL0qeu49Ypr6vRdEzRq2vAsgb.zvOtrnzm5G', true, 1),
       ('malgorzata', 'b3a8cfcb-f48e-405d-a085-eafabfcec3be', 'malgorzata.kowal@example.com',
        '$2a$12$TwQsp1IusXTDl7LwZqL0qeu49Ypr6vRdEzRq2vAsgb.zvOtrnzm5G', true, 1),
       ('grzegorz', 'c4b9debc-g59f-506e-b196-fdb0dfddc4cf', 'grzegorz.dudek@example.com',
        '$2a$12$TwQsp1IusXTDl7LwZqL0qeu49Ypr6vRdEzRq2vAsgb.zvOtrnzm5G', true, 1),
       ('joanna', 'd5caefcd-h60g-607f-c207-gedcefdec5dg', 'joanna.jasinska@example.com',
        '$2a$12$TwQsp1IusXTDl7LwZqL0qeu49Ypr6vRdEzRq2vAsgb.zvOtrnzm5G', true, 1),
       ('adam', 'e6dbfgde-i71h-708g-d318-hfdcefed6eh', 'adam.kaczorowski@example.com',
        '$2a$12$TwQsp1IusXTDl7LwZqL0qeu49Ypr6vRdEzRq2vAsgb.zvOtrnzm5G', true, 1),
       ('magdalena', 'f7ecghed-j82i-809h-e429-ifedeffg7fi', 'magdalena.pawlak@example.com',
        '$2a$12$TwQsp1IusXTDl7LwZqL0qeu49Ypr6vRdEzRq2vAsgb.zvOtrnzm5G', true, 1),
       ('krzysztof', 'g8fdhife-k93j-910i-f530-jgeefghh8gj', 'krzysztof.zawadzki@example.com',
        '$2a$12$TwQsp1IusXTDl7LwZqL0qeu49Ypr6vRdEzRq2vAsgb.zvOtrnzm5G', true, 1),
       ('iwona', 'h9geijgf-l04k-a21j-g641-khfghii9hk', 'iwona.jaworska@example.com',
        '$2a$12$TwQsp1IusXTDl7LwZqL0qeu49Ypr6vRdEzRq2vAsgb.zvOtrnzm5G', true, 1),
       ('michal', 'iahfkjhg-m15l-b32k-h752-ligihjjakl', 'michal.witkowski@example.com',
        '$2a$12$TwQsp1IusXTDl7LwZqL0qeu49Ypr6vRdEzRq2vAsgb.zvOtrnzm5G', true, 1),
       ('anna', 'jbilkhji-n26m-c43l-i863-mjhihkkbjm', 'anna.nowakk@example.com',
        '$2a$12$TwQsp1IusXTDl7LwZqL0qeu49Ypr6vRdEzRq2vAsgb.zvOtrnzm5G', true, 1),
       ('pawel', 'kcjmlkjk-o37n-d54m-j974-nkjikllckn', 'pawel.dabrowski@example.com',
        '$2a$12$TwQsp1IusXTDl7LwZqL0qeu49Ypr6vRdEzRq2vAsgb.zvOtrnzm5G', true, 1),
       ('ewa', 'ldknmklm-p48o-e65n-k085-okjklmmldo', 'ewa.kwiatkowska@example.com',
        '$2a$12$TwQsp1IusXTDl7LwZqL0qeu49Ypr6vRdEzRq2vAsgb.zvOtrnzm5G', true, 1),
       ('jan', 'melonmnm-q59p-f76o-l196-plkmnnoemq', 'jan.piotrowski@example.com',
        '$2a$12$TwQsp1IusXTDl7LwZqL0qeu49Ypr6vRdEzRq2vAsgb.zvOtrnzm5G', true, 1),
       ('katarzyna', 'nfpopnon-r60q-g87p-m207-qnlnooppfr', 'katarzyna.zajac@example.com',
        '$2a$12$TwQsp1IusXTDl7LwZqL0qeu49Ypr6vRdEzRq2vAsgb.zvOtrnzm5G', true, 1),
       ('andrzej', 'ogqqpoop-s71r-h98q-n318-rooppqqqgs', 'andrzej.kowalczyk@example.com',
        '$2a$12$TwQsp1IusXTDl7LwZqL0qeu49Ypr6vRdEzRq2vAsgb.zvOtrnzm5G', true, 1),
       ('karolina', 'phrrqpqq-t82s-i09r-o429-sppqqrrrht', 'karolina.kaczmarek@example.com',
        '$2a$12$TwQsp1IusXTDl7LwZqL0qeu49Ypr6vRdEzRq2vAsgb.zvOtrnzm5G', true, 1),
       ('robert', 'qissqrqr-u93t-j10s-p530-tqqrrsssiu', 'robert.mazur@example.com',
        '$2a$12$TwQsp1IusXTDl7LwZqL0qeu49Ypr6vRdEzRq2vAsgb.zvOtrnzm5G', true, 1),
       ('marta', 'rjttsrss-v04u-k21t-q641-uqrrssttjv', 'marta.gorka@example.com',
        '$2a$12$TwQsp1IusXTDl7LwZqL0qeu49Ypr6vRdEzRq2vAsgb.zvOtrnzm5G', true, 1),
       ('tomasz', 'skuutstt-w15v-l32u-r752-vrssttuukw', 'tomasz.wojcik@example.com',
        '$2a$12$TwQsp1IusXTDl7LwZqL0qeu49Ypr6vRdEzRq2vAsgb.zvOtrnzm5G', true, 1),
       ('monika', 'tlvvutuu-x26w-m43v-s863-wsttuuvvxl', 'monika.krawczyk@example.com',
        '$2a$12$TwQsp1IusXTDl7LwZqL0qeu49Ypr6vRdEzRq2vAsgb.zvOtrnzm5G', true, 1),
       ('abccorp', '11d3a76b-d2ff-4e9d-aa2b-5f8c9484cc9b', 'kontakt@abccorp.com',
        '$2a$12$TwQsp1IusXTDl7LwZqL0qeu49Ypr6vRdEzRq2vAsgb.zvOtrnzm5G', true, 2),
       ('abccorp2', '36hi8tsvb-d2ff-4e9d-aa2b-6gu8rf4dfjj', 'kontakt2@abccorp.com',
        '$2a$12$TwQsp1IusXTDl7LwZqL0qeu49Ypr6vRdEzRq2vAsgb.zvOtrnzm5G', true, 2),
       ('xyztech', '69752da4-71da-4c0e-b738-5213d6e4b6da', 'info@xyztech.com',
        '$2a$12$TwQsp1IusXTDl7LwZqL0qeu49Ypr6vRdEzRq2vAsgb.zvOtrnzm5G', true, 2),
       ('acmeindustries', 'a0b673fe-7e74-47c4-bb19-d07e8506ff14', 'hr@acmeindustries.com',
        '$2a$12$TwQsp1IusXTDl7LwZqL0qeu49Ypr6vRdEzRq2vAsgb.zvOtrnzm5G', true, 2),
       ('techsolutions', 'ddd4c00a-1773-42d7-bba4-12679140a428', 'info@techsolutions.com',
        '$2a$12$TwQsp1IusXTDl7LwZqL0qeu49Ypr6vRdEzRq2vAsgb.zvOtrnzm5G', true, 2),
       ('globalbank', 'c5af8a81-4aa7-44e4-9902-3d63dab53f1e', 'kariera@globalbank.com',
        '$2a$12$TwQsp1IusXTDl7LwZqL0qeu49Ypr6vRdEzRq2vAsgb.zvOtrnzm5G', true, 2),
       ('innowacyjnestartupy', 'ece4e5b3-2142-4a9b-a70f-c370f4a4a822', 'info@innowacyjnestartupy.com',
        '$2a$12$TwQsp1IusXTDl7LwZqL0qeu49Ypr6vRdEzRq2vAsgb.zvOtrnzm5G', true, 2),
       ('softwaresolutions', '1f5a2c49-b745-42f9-b006-8c4e28a2a6b5', 'info@softwaresolutions.com',
        '$2a$12$TwQsp1IusXTDl7LwZqL0qeu49Ypr6vRdEzRq2vAsgb.zvOtrnzm5G', true, 2),
       ('systemymedyczne', '49660bfb-0ff5-49dd-b500-776cb0b0ef83', 'kariera@systemymedyczne.com',
        '$2a$12$TwQsp1IusXTDl7LwZqL0qeu49Ypr6vRdEzRq2vAsgb.zvOtrnzm5G', true, 2),
       ('innowatorzyecommerce', '4e9870d2-c9c3-4424-9446-90ab32b9a121', 'info@innowatorzyecommerce.com',
        '$2a$12$TwQsp1IusXTDl7LwZqL0qeu49Ypr6vRdEzRq2vAsgb.zvOtrnzm5G', true, 2),
       ('techstart', '8e44d70a-5e0f-480d-8f77-0feaafe383a5', 'rekrutacja@techstart.com',
        '$2a$12$TwQsp1IusXTDl7LwZqL0qeu49Ypr6vRdEzRq2vAsgb.zvOtrnzm5G', true, 2),
       ('greenenergysolutions', '5d5d260b-51f1-4088-8d4d-156067cb566b', 'info@greenenergysolutions.com',
        '$2a$12$TwQsp1IusXTDl7LwZqL0qeu49Ypr6vRdEzRq2vAsgb.zvOtrnzm5G', true, 2),
       ('specjalisticonsulting', '67b7690a-4b8e-4a1a-ae88-179064f3e970', 'konta@specjalisticonsulting.com',
        '$2a$12$TwQsp1IusXTDl7LwZqL0qeu49Ypr6vRdEzRq2vAsgb.zvOtrnzm5G', true, 2),
       ('techinnovations', '39878f79-3f84-4a35-8e85-7c88ae8c8d8f', 'info@techinnovations.com',
        '$2a$12$TwQsp1IusXTDl7LwZqL0qeu49Ypr6vRdEzRq2vAsgb.zvOtrnzm5G', true, 2),
       ('doradcyfinansowi', 'bbdad901-89af-407a-8570-1c78fd1e58f4', 'info@doradcyfinansowi.com',
        '$2a$12$TwQsp1IusXTDl7LwZqL0qeu49Ypr6vRdEzRq2vAsgb.zvOtrnzm5G', true, 2),
       ('studioprojektowe', '71f22b71-58c1-4f64-9601-7e8ccdcac8e9', 'info@studioprojektowe.com',
        '$2a$12$TwQsp1IusXTDl7LwZqL0qeu49Ypr6vRdEzRq2vAsgb.zvOtrnzm5G', true, 2),
       ('produkcjemedialne', '2e2e3f15-6e85-4c7f-862d-bf9db3dd09e9', 'kariera@produkcjemedialne.com',
        '$2a$12$TwQsp1IusXTDl7LwZqL0qeu49Ypr6vRdEzRq2vAsgb.zvOtrnzm5G', true, 2),
       ('rozwiazamotoryzacyjne', 'f39ad77f-4e86-4dbf-a41b-4f78e9e5a7fd', 'info@rozwiazamotoryzacyjne.com',
        '$2a$12$TwQsp1IusXTDl7LwZqL0qeu49Ypr6vRdEzRq2vAsgb.zvOtrnzm5G', true, 2),
       ('eksperciedukacji', '34528742-aa70-4526-9baf-8e2420e85af0', 'kontakt@eksperciedukacji.com',
        '$2a$12$TwQsp1IusXTDl7LwZqL0qeu49Ypr6vRdEzRq2vAsgb.zvOtrnzm5G', true, 2),
       ('agencjamarketingowa', 'b2a85a7b-fc8f-4f39-9b62-519cfbce7e7e', 'info@agencjamarketingowa.com',
        '$2a$12$TwQsp1IusXTDl7LwZqL0qeu49Ypr6vRdEzRq2vAsgb.zvOtrnzm5G', true, 2),
       ('grupahotelowa', '9477c8cd-2993-4ebc-9f52-b4f268694ecd', 'kariera@grupahotelowa.com',
        '$2a$12$TwQsp1IusXTDl7LwZqL0qeu49Ypr6vRdEzRq2vAsgb.zvOtrnzm5G', true, 2);
